{"Ce-doped SOFC anodes": [{"Ni-doped ceria NP": "NDC1", "Crystalline size DXRD (nm)": 33.03, "Dislocation density, \u03b4 (nm\u22122)": 0.0009161, "Lattice strain, \u03b5 = \u03b2/4\u2006tan\u2006\u03b8 (\u00d710\u22123)": 3.08, "Lattice constant A (\u00c5)": 5.413}, {"Ni-doped ceria NP": "NDC2", "Crystalline size DXRD (nm)": 31.29, "Dislocation density, \u03b4 (nm\u22122)": 0.0011021, "Lattice strain, \u03b5 = \u03b2/4\u2006tan\u2006\u03b8 (\u00d710\u22123)": 3.22, "Lattice constant A (\u00c5)": 5.406}, {"Ni-doped ceria NP": "NDC3", "Crystalline size DXRD (nm)": 31.23, "Dislocation density, \u03b4 (nm\u22122)": 0.0011025, "Lattice strain, \u03b5 = \u03b2/4\u2006tan\u2006\u03b8 (\u00d710\u22123)": 3.7, "Lattice constant A (\u00c5)": 5.403}, {"Ni-doped ceria NP": "NDC4", "Crystalline size DXRD (nm)": 33.02, "Dislocation density, \u03b4 (nm\u22122)": 0.0009154, "Lattice strain, \u03b5 = \u03b2/4\u2006tan\u2006\u03b8 (\u00d710\u22123)": 3.24, "Lattice constant A (\u00c5)": 5.407}]}